Norms_ID,Sport_ID,Position_ID,Norm_Group_ID,Year_ID,Percentile_ID,Metric_ID,Pillar_ID,Norm_Value
14365,2,1,3,2,5,4,1,67.00
14366,2,2,3,2,5,4,1,64.00
14367,2,3,3,2,5,4,1,70.00
14368,2,4,3,2,5,4,1,71.75
14369,2,5,3,2,5,4,1,65.25
14370,2,1,3,2,4,4,1,71.00
14371,2,2,3,2,4,4,1,72.00
14372,2,3,3,2,4,4,1,74.00
14373,2,4,3,2,4,4,1,76.00
14374,2,5,3,2,4,4,1,70.00
14375,2,1,3,2,3,4,1,77.00
14376,2,2,3,2,3,4,1,76.00
14377,2,3,3,2,3,4,1,81.00
14378,2,4,3,2,3,4,1,81.25
14379,2,5,3,2,3,4,1,76.00
14380,2,1,3,2,2,4,1,84.00
14381,2,2,3,2,2,4,1,82.00
14382,2,3,3,2,2,4,1,88.00
14383,2,4,3,2,2,4,1,88.00
14384,2,5,3,2,2,4,1,86.00
14385,2,1,3,2,1,4,1,90.00
14386,2,2,3,2,1,4,1,89.00
14387,2,3,3,2,1,4,1,94.00
14388,2,4,3,2,1,4,1,103.00
14389,2,5,3,2,1,4,1,94.00
14465,2,1,3,2,5,1,1,3.44
14466,2,2,3,2,5,1,1,3.40
14467,2,3,3,2,5,1,1,3.27
14468,2,4,3,2,5,1,1,3.24
14469,2,5,3,2,5,1,1,3.45
14470,2,1,3,2,4,1,1,3.30
14471,2,2,3,2,4,1,1,3.26
14472,2,3,3,2,4,1,1,3.13
14473,2,4,3,2,4,1,1,3.11
14474,2,5,3,2,4,1,1,3.28
14475,2,1,3,2,3,1,1,3.16
14476,2,2,3,2,3,1,1,3.12
14477,2,3,3,2,3,1,1,3.02
14478,2,4,3,2,3,1,1,2.99
14479,2,5,3,2,3,1,1,3.15
14480,2,1,3,2,2,1,1,2.96
14481,2,2,3,2,2,1,1,2.95
14482,2,3,3,2,2,1,1,2.87
14483,2,4,3,2,2,1,1,2.85
14484,2,5,3,2,2,1,1,2.99
14485,2,1,3,2,1,1,1,2.79
14486,2,2,3,2,1,1,1,2.73
14487,2,3,3,2,1,1,1,2.74
14488,2,4,3,2,1,1,1,2.66
14489,2,5,3,2,1,1,1,2.74
14565,2,1,3,2,5,2,1,13.79
14566,2,2,3,2,5,2,1,13.56
14567,2,3,3,2,5,2,1,12.98
14568,2,4,3,2,5,2,1,12.80
14569,2,5,3,2,5,2,1,13.97
14570,2,1,3,2,4,2,1,13.10
14571,2,2,3,2,4,2,1,13.01
14572,2,3,3,2,4,2,1,12.50
14573,2,4,3,2,4,2,1,12.38
14574,2,5,3,2,4,2,1,13.19
14575,2,1,3,2,3,2,1,12.54
14576,2,2,3,2,3,2,1,12.53
14577,2,3,3,2,3,2,1,12.00
14578,2,4,3,2,3,2,1,11.98
14579,2,5,3,2,3,2,1,12.57
14580,2,1,3,2,2,2,1,12.03
14581,2,2,3,2,2,2,1,11.86
14582,2,3,3,2,2,2,1,11.51
14583,2,4,3,2,2,2,1,11.41
14584,2,5,3,2,2,2,1,12.00
14585,2,1,3,2,1,2,1,11.12
14586,2,2,3,2,1,2,1,11.15
14587,2,3,3,2,1,2,1,10.98
14588,2,4,3,2,1,2,1,10.64
14589,2,5,3,2,1,2,1,11.18
14665,2,1,3,2,5,5,1,68.00
14666,2,2,3,2,5,5,1,66.15
14667,2,3,3,2,5,5,1,63.60
14668,2,4,3,2,5,5,1,64.00
14669,2,5,3,2,5,5,1,67.20
14670,2,1,3,2,4,5,1,76.00
14671,2,2,3,2,4,5,1,74.00
14672,2,3,3,2,4,5,1,71.40
14673,2,4,3,2,4,5,1,71.00
14674,2,5,3,2,4,5,1,75.40
14675,2,1,3,2,3,5,1,85.95
14676,2,2,3,2,3,5,1,84.25
14677,2,3,3,2,3,5,1,80.20
14678,2,4,3,2,3,5,1,79.60
14679,2,5,3,2,3,5,1,85.60
14680,2,1,3,2,2,5,1,98.98
14681,2,2,3,2,2,5,1,100.19
14682,2,3,3,2,2,5,1,92.96
14683,2,4,3,2,2,5,1,95.10
14684,2,5,3,2,2,5,1,99.70
14685,2,1,3,2,1,5,1,119.00
14686,2,2,3,2,1,5,1,112.00
14687,2,3,3,2,1,5,1,113.00
14688,2,4,3,2,1,5,1,124.00
14689,2,5,3,2,1,5,1,121.40
14765,2,1,3,2,5,6,1,62.20
14766,2,2,3,2,5,6,1,61.00
14767,2,3,3,2,5,6,1,59.40
14768,2,4,3,2,5,6,1,59.70
14769,2,5,3,2,5,6,1,62.00
14770,2,1,3,2,4,6,1,71.50
14771,2,2,3,2,4,6,1,70.50
14772,2,3,3,2,4,6,1,66.70
14773,2,4,3,2,4,6,1,66.00
14774,2,5,3,2,4,6,1,69.80
14775,2,1,3,2,3,6,1,80.00
14776,2,2,3,2,3,6,1,78.05
14777,2,3,3,2,3,6,1,74.00
14778,2,4,3,2,3,6,1,75.60
14779,2,5,3,2,3,6,1,77.90
14780,2,1,3,2,2,6,1,94.58
14781,2,2,3,2,2,6,1,93.26
14782,2,3,3,2,2,6,1,86.16
14783,2,4,3,2,2,6,1,87.25
14784,2,5,3,2,2,6,1,92.12
14785,2,1,3,2,1,6,1,112.20
14786,2,2,3,2,1,6,1,115.00
14787,2,3,3,2,1,6,1,99.00
14788,2,4,3,2,1,6,1,116.40
14789,2,5,3,2,1,6,1,114.80
14865,2,1,3,2,5,3,1,5.73
14866,2,2,3,2,5,3,1,5.72
14867,2,3,3,2,5,3,1,5.51
14868,2,4,3,2,5,3,1,5.39
14869,2,5,3,2,5,3,1,5.70
14870,2,1,3,2,4,3,1,5.40
14871,2,2,3,2,4,3,1,5.48
14872,2,3,3,2,4,3,1,5.22
14873,2,4,3,2,4,3,1,5.18
14874,2,5,3,2,4,3,1,5.52
14875,2,1,3,2,3,3,1,5.20
14876,2,2,3,2,3,3,1,5.28
14877,2,3,3,2,3,3,1,5.01
14878,2,4,3,2,3,3,1,4.93
14879,2,5,3,2,3,3,1,5.30
14880,2,1,3,2,2,3,1,4.94
14881,2,2,3,2,2,3,1,5.00
14882,2,3,3,2,2,3,1,4.79
14883,2,4,3,2,2,3,1,4.68
14884,2,5,3,2,2,3,1,4.98
14885,2,1,3,2,1,3,1,4.80
14886,2,2,3,2,1,3,1,4.86
14887,2,3,3,2,1,3,1,4.59
14888,2,4,3,2,1,3,1,4.46
14889,2,5,3,2,1,3,1,4.70
14965,2,1,3,2,5,21,4,52.00
14966,2,2,3,2,5,21,4,51.00
14967,2,3,3,2,5,21,4,52.00
14968,2,4,3,2,5,21,4,52.00
14969,2,5,3,2,5,21,4,51.00
14970,2,1,3,2,4,21,4,55.00
14971,2,2,3,2,4,21,4,54.00
14972,2,3,3,2,4,21,4,55.00
14973,2,4,3,2,4,21,4,56.00
14974,2,5,3,2,4,21,4,54.00
14975,2,1,3,2,3,21,4,58.00
14976,2,2,3,2,3,21,4,57.00
14977,2,3,3,2,3,21,4,59.00
14978,2,4,3,2,3,21,4,58.00
14979,2,5,3,2,3,21,4,57.00
14980,2,1,3,2,2,21,4,63.00
14981,2,2,3,2,2,21,4,61.00
14982,2,3,3,2,2,21,4,62.00
14983,2,4,3,2,2,21,4,63.00
14984,2,5,3,2,2,21,4,61.00
14985,2,1,3,2,1,21,4,72.00
14986,2,2,3,2,1,21,4,67.00
14987,2,3,3,2,1,21,4,71.00
14988,2,4,3,2,1,21,4,68.00
14989,2,5,3,2,1,21,4,66.00
15065,2,1,3,2,5,8,2,62.00
15066,2,2,3,2,5,8,2,61.00
15067,2,3,3,2,5,8,2,60.00
15068,2,4,3,2,5,8,2,59.00
15069,2,5,3,2,5,8,2,61.00
15070,2,1,3,2,4,8,2,65.00
15071,2,2,3,2,4,8,2,65.00
15072,2,3,3,2,4,8,2,63.00
15073,2,4,3,2,4,8,2,62.00
15074,2,5,3,2,4,8,2,65.00
15075,2,1,3,2,3,8,2,68.00
15076,2,2,3,2,3,8,2,68.25
15077,2,3,3,2,3,8,2,67.00
15078,2,4,3,2,3,8,2,66.00
15079,2,5,3,2,3,8,2,68.00
15080,2,1,3,2,2,8,2,73.00
15081,2,2,3,2,2,8,2,73.00
15082,2,3,3,2,2,8,2,71.00
15083,2,4,3,2,2,8,2,71.25
15084,2,5,3,2,2,8,2,73.00
15085,2,1,3,2,1,8,2,86.00
15086,2,2,3,2,1,8,2,78.00
15087,2,3,3,2,1,8,2,80.00
15088,2,4,3,2,1,8,2,79.00
15089,2,5,3,2,1,8,2,81.00
15165,2,1,3,2,5,7,2,55.30
15166,2,2,3,2,5,7,2,55.63
15167,2,3,3,2,5,7,2,54.20
15168,2,4,3,2,5,7,2,53.25
15169,2,5,3,2,5,7,2,55.13
15170,2,1,3,2,4,7,2,57.55
15171,2,2,3,2,4,7,2,58.40
15172,2,3,3,2,4,7,2,56.80
15173,2,4,3,2,4,7,2,56.10
15174,2,5,3,2,4,7,2,57.60
15175,2,1,3,2,3,7,2,60.38
15176,2,2,3,2,3,7,2,61.18
15177,2,3,3,2,3,7,2,59.25
15178,2,4,3,2,3,7,2,58.75
15179,2,5,3,2,3,7,2,60.00
15180,2,1,3,2,2,7,2,64.30
15181,2,2,3,2,2,7,2,64.30
15182,2,3,3,2,2,7,2,62.82
15183,2,4,3,2,2,7,2,62.37
15184,2,5,3,2,2,7,2,64.13
15185,2,1,3,2,1,7,2,69.50
15186,2,2,3,2,1,7,2,69.40
15187,2,3,3,2,1,7,2,67.30
15188,2,4,3,2,1,7,2,67.20
15189,2,5,3,2,1,7,2,72.70
15265,2,1,3,2,5,9,2,7.70
15266,2,2,3,2,5,9,2,7.03
15267,2,3,3,2,5,9,2,7.10
15268,2,4,3,2,5,9,2,6.95
15269,2,5,3,2,5,9,2,7.33
15270,2,1,3,2,4,9,2,10.05
15271,2,2,3,2,4,9,2,9.70
15272,2,3,3,2,4,9,2,9.60
15273,2,4,3,2,4,9,2,9.30
15274,2,5,3,2,4,9,2,9.80
15275,2,1,3,2,3,9,2,12.50
15276,2,2,3,2,3,9,2,12.80
15277,2,3,3,2,3,9,2,12.05
15278,2,4,3,2,3,9,2,12.00
15279,2,5,3,2,3,9,2,12.48
15280,2,1,3,2,2,9,2,15.67
15281,2,2,3,2,2,9,2,17.95
15282,2,3,3,2,2,9,2,16.90
15283,2,4,3,2,2,9,2,16.25
15284,2,5,3,2,2,9,2,17.98
15285,2,1,3,2,1,9,2,24.80
15286,2,2,3,2,1,9,2,22.80
15287,2,3,3,2,1,9,2,21.90
15288,2,4,3,2,1,9,2,22.40
15289,2,5,3,2,1,9,2,24.90
15365,2,1,3,2,5,16,3,57.00
15366,2,2,3,2,5,16,3,56.25
15367,2,3,3,2,5,16,3,61.00
15368,2,4,3,2,5,16,3,62.00
15369,2,5,3,2,5,16,3,56.00
15370,2,1,3,2,4,16,3,68.00
15371,2,2,3,2,4,16,3,66.00
15372,2,3,3,2,4,16,3,69.00
15373,2,4,3,2,4,16,3,70.00
15374,2,5,3,2,4,16,3,65.00
15375,2,1,3,2,3,16,3,74.00
15376,2,2,3,2,3,16,3,74.00
15377,2,3,3,2,3,16,3,77.00
15378,2,4,3,2,3,16,3,78.00
15379,2,5,3,2,3,16,3,74.00
15380,2,1,3,2,2,16,3,85.00
15381,2,2,3,2,2,16,3,84.00
15382,2,3,3,2,2,16,3,86.00
15383,2,4,3,2,2,16,3,89.00
15384,2,5,3,2,2,16,3,86.00
15385,2,1,3,2,1,16,3,94.00
15386,2,2,3,2,1,16,3,94.00
15387,2,3,3,2,1,16,3,94.00
15388,2,4,3,2,1,16,3,97.00
15389,2,5,3,2,1,16,3,90.00
15465,2,1,3,2,5,11,2,1.70
15466,2,2,3,2,5,11,2,1.74
15467,2,3,3,2,5,11,2,1.65
15468,2,4,3,2,5,11,2,1.53
15469,2,5,3,2,5,11,2,1.75
15470,2,1,3,2,4,11,2,1.91
15471,2,2,3,2,4,11,2,1.97
15472,2,3,3,2,4,11,2,1.88
15473,2,4,3,2,4,11,2,1.84
15474,2,5,3,2,4,11,2,1.91
15475,2,1,3,2,3,11,2,2.21
15476,2,2,3,2,3,11,2,2.21
15477,2,3,3,2,3,11,2,2.10
15478,2,4,3,2,3,11,2,2.06
15479,2,5,3,2,3,11,2,2.15
15480,2,1,3,2,2,11,2,2.49
15481,2,2,3,2,2,11,2,2.62
15482,2,3,3,2,2,11,2,2.45
15483,2,4,3,2,2,11,2,2.43
15484,2,5,3,2,2,11,2,2.55
15485,2,1,3,2,1,11,2,3.20
15486,2,2,3,2,1,11,2,3.16
15487,2,3,3,2,1,11,2,2.88
15488,2,4,3,2,1,11,2,2.97
15489,2,5,3,2,1,11,2,3.30
15565,2,1,3,2,1,15,3,0.14
15566,2,2,3,2,1,15,3,0.13
15567,2,3,3,2,1,15,3,0.13
15568,2,4,3,2,1,15,3,0.14
15569,2,5,3,2,1,15,3,0.13
15570,2,1,3,2,2,15,3,0.15
15571,2,2,3,2,2,15,3,0.15
15572,2,3,3,2,2,15,3,0.15
15573,2,4,3,2,2,15,3,0.15
15574,2,5,3,2,2,15,3,0.15
15575,2,1,3,2,3,15,3,0.16
15576,2,2,3,2,3,15,3,0.16
15577,2,3,3,2,3,15,3,0.16
15578,2,4,3,2,3,15,3,0.16
15579,2,5,3,2,3,15,3,0.16
15580,2,1,3,2,4,15,3,0.17
15581,2,2,3,2,4,15,3,0.17
15582,2,3,3,2,4,15,3,0.17
15583,2,4,3,2,4,15,3,0.17
15584,2,5,3,2,4,15,3,0.17
15585,2,1,3,2,5,15,3,0.18
15586,2,2,3,2,5,15,3,0.18
15587,2,3,3,2,5,15,3,0.18
15588,2,4,3,2,5,15,3,0.18
15589,2,5,3,2,5,15,3,0.18
15665,2,1,3,2,5,10,2,16.60
15666,2,2,3,2,5,10,2,16.80
15667,2,3,3,2,5,10,2,16.30
15668,2,4,3,2,5,10,2,16.30
15669,2,5,3,2,5,10,2,16.90
15670,2,1,3,2,4,10,2,17.80
15671,2,2,3,2,4,10,2,17.60
15672,2,3,3,2,4,10,2,17.60
15673,2,4,3,2,4,10,2,17.40
15674,2,5,3,2,4,10,2,18.00
15675,2,1,3,2,3,10,2,18.80
15676,2,2,3,2,3,10,2,18.80
15677,2,3,3,2,3,10,2,18.70
15678,2,4,3,2,3,10,2,18.45
15679,2,5,3,2,3,10,2,19.10
15680,2,1,3,2,2,10,2,20.04
15681,2,2,3,2,2,10,2,20.90
15682,2,3,3,2,2,10,2,20.61
15683,2,4,3,2,2,10,2,20.67
15684,2,5,3,2,2,10,2,20.20
15685,2,1,3,2,1,10,2,22.00
15686,2,2,3,2,1,10,2,24.20
15687,2,3,3,2,1,10,2,22.60
15688,2,4,3,2,1,10,2,22.50
15689,2,5,3,2,1,10,2,22.20
15765,2,1,3,2,5,20,3,48.00
15766,2,2,3,2,5,20,3,46.00
15767,2,3,3,2,5,20,3,47.00
15768,2,4,3,2,5,20,3,46.00
15769,2,5,3,2,5,20,3,47.00
15770,2,1,3,2,4,20,3,55.00
15771,2,2,3,2,4,20,3,55.00
15772,2,3,3,2,4,20,3,54.00
15773,2,4,3,2,4,20,3,54.00
15774,2,5,3,2,4,20,3,55.00
15775,2,1,3,2,3,20,3,63.00
15776,2,2,3,2,3,20,3,64.00
15777,2,3,3,2,3,20,3,62.00
15778,2,4,3,2,3,20,3,61.00
15779,2,5,3,2,3,20,3,62.75
15780,2,1,3,2,2,20,3,72.00
15781,2,2,3,2,2,20,3,76.00
15782,2,3,3,2,2,20,3,75.10
15783,2,4,3,2,2,20,3,73.00
15784,2,5,3,2,2,20,3,76.00
15785,2,1,3,2,1,20,3,80.00
15786,2,2,3,2,1,20,3,80.00
15787,2,3,3,2,1,20,3,80.00
15788,2,4,3,2,1,20,3,80.00
15789,2,5,3,2,1,20,3,80.00
15865,2,1,3,2,5,19,3,48.00
15866,2,2,3,2,5,19,3,47.25
15867,2,3,3,2,5,19,3,48.00
15868,2,4,3,2,5,19,3,47.00
15869,2,5,3,2,5,19,3,47.00
15870,2,1,3,2,4,19,3,53.00
15871,2,2,3,2,4,19,3,55.00
15872,2,3,3,2,4,19,3,54.00
15873,2,4,3,2,4,19,3,54.00
15874,2,5,3,2,4,19,3,54.00
15875,2,1,3,2,3,19,3,58.75
15876,2,2,3,2,3,19,3,61.00
15877,2,3,3,2,3,19,3,61.00
15878,2,4,3,2,3,19,3,60.00
15879,2,5,3,2,3,19,3,60.00
15880,2,1,3,2,2,19,3,66.00
15881,2,2,3,2,2,19,3,66.00
15882,2,3,3,2,2,19,3,69.00
15883,2,4,3,2,2,19,3,67.00
15884,2,5,3,2,2,19,3,67.00
15885,2,1,3,2,1,19,3,72.00
15886,2,2,3,2,1,19,3,70.00
15887,2,3,3,2,1,19,3,74.00
15888,2,4,3,2,1,19,3,72.00
15889,2,5,3,2,1,19,3,76.00
15965,2,1,3,2,5,18,3,44.00
15966,2,2,3,2,5,18,3,43.25
15967,2,3,3,2,5,18,3,48.00
15968,2,4,3,2,5,18,3,49.00
15969,2,5,3,2,5,18,3,43.00
15970,2,1,3,2,4,18,3,54.50
15971,2,2,3,2,4,18,3,53.00
15972,2,3,3,2,4,18,3,56.00
15973,2,4,3,2,4,18,3,57.00
15974,2,5,3,2,4,18,3,52.00
15975,2,1,3,2,3,18,3,61.00
15976,2,2,3,2,3,18,3,61.00
15977,2,3,3,2,3,18,3,64.00
15978,2,4,3,2,3,18,3,64.00
15979,2,5,3,2,3,18,3,61.00
15980,2,1,3,2,2,18,3,72.00
15981,2,2,3,2,2,18,3,70.75
15982,2,3,3,2,2,18,3,72.00
15983,2,4,3,2,2,18,3,75.00
15984,2,5,3,2,2,18,3,72.00
15985,2,1,3,2,1,18,3,79.00
15986,2,2,3,2,1,18,3,79.00
15987,2,3,3,2,1,18,3,80.00
15988,2,4,3,2,1,18,3,80.00
15989,2,5,3,2,1,18,3,76.00
16065,2,1,3,2,5,30,6,40.00
16066,2,2,3,2,5,30,6,39.00
16067,2,3,3,2,5,30,6,41.25
16068,2,4,3,2,5,30,6,39.00
16069,2,5,3,2,5,30,6,43.75
16070,2,1,3,2,4,30,6,51.00
16071,2,2,3,2,4,30,6,49.00
16072,2,3,3,2,4,30,6,52.00
16073,2,4,3,2,4,30,6,49.00
16074,2,5,3,2,4,30,6,52.00
16075,2,1,3,2,3,30,6,60.75
16076,2,2,3,2,3,30,6,58.75
16077,2,3,3,2,3,30,6,60.75
16078,2,4,3,2,3,30,6,59.00
16079,2,5,3,2,3,30,6,59.00
16080,2,1,3,2,2,30,6,74.00
16081,2,2,3,2,2,30,6,70.55
16082,2,3,3,2,2,30,6,72.90
16083,2,4,3,2,2,30,6,72.00
16084,2,5,3,2,2,30,6,67.00
16085,2,1,3,2,1,30,6,83.00
16086,2,2,3,2,1,30,6,82.00
16087,2,3,3,2,1,30,6,86.00
16088,2,4,3,2,1,30,6,82.00
16089,2,5,3,2,1,30,6,87.00
16165,2,1,3,2,5,23,6,17.00
16166,2,2,3,2,5,23,6,17.25
16167,2,3,3,2,5,23,6,16.00
16168,2,4,3,2,5,23,6,17.75
16169,2,5,3,2,5,23,6,16.00
16170,2,1,3,2,4,23,6,22.00
16171,2,2,3,2,4,23,6,23.00
16172,2,3,3,2,4,23,6,24.00
16173,2,4,3,2,4,23,6,23.00
16174,2,5,3,2,4,23,6,22.00
16175,2,1,3,2,3,23,6,38.00
16176,2,2,3,2,3,23,6,37.50
16177,2,3,3,2,3,23,6,45.00
16178,2,4,3,2,3,23,6,38.50
16179,2,5,3,2,3,23,6,36.00
16180,2,1,3,2,2,23,6,71.30
16181,2,2,3,2,2,23,6,72.10
16182,2,3,3,2,2,23,6,66.00
16183,2,4,3,2,2,23,6,68.00
16184,2,5,3,2,2,23,6,70.55
16185,2,1,3,2,1,23,6,87.00
16186,2,2,3,2,1,23,6,90.00
16187,2,3,3,2,1,23,6,92.00
16188,2,4,3,2,1,23,6,81.00
16189,2,5,3,2,1,23,6,91.00
16265,2,1,3,2,5,24,6,19.00
16266,2,2,3,2,5,24,6,8.25
16267,2,3,3,2,5,24,6,18.25
16268,2,4,3,2,5,24,6,16.00
16269,2,5,3,2,5,24,6,10.00
16270,2,1,3,2,4,24,6,34.00
16271,2,2,3,2,4,24,6,24.50
16272,2,3,3,2,4,24,6,33.50
16273,2,4,3,2,4,24,6,25.50
16274,2,5,3,2,4,24,6,25.50
16275,2,1,3,2,3,24,6,48.00
16276,2,2,3,2,3,24,6,47.75
16277,2,3,3,2,3,24,6,52.00
16278,2,4,3,2,3,24,6,49.00
16279,2,5,3,2,3,24,6,47.25
16280,2,1,3,2,2,24,6,67.95
16281,2,2,3,2,2,24,6,68.10
16282,2,3,3,2,2,24,6,77.95
16283,2,4,3,2,2,24,6,67.00
16284,2,5,3,2,2,24,6,67.00
16285,2,1,3,2,1,24,6,96.00
16286,2,2,3,2,1,24,6,81.00
16287,2,3,3,2,1,24,6,94.00
16288,2,4,3,2,1,24,6,98.00
16289,2,5,3,2,1,24,6,93.00
16365,2,1,3,2,5,25,6,38.25
16366,2,2,3,2,5,25,6,42.25
16367,2,3,3,2,5,25,6,43.00
16368,2,4,3,2,5,25,6,42.00
16369,2,5,3,2,5,25,6,40.75
16370,2,1,3,2,4,25,6,46.00
16371,2,2,3,2,4,25,6,58.00
16372,2,3,3,2,4,25,6,58.00
16373,2,4,3,2,4,25,6,56.00
16374,2,5,3,2,4,25,6,45.00
16375,2,1,3,2,3,25,6,61.00
16376,2,2,3,2,3,25,6,62.00
16377,2,3,3,2,3,25,6,63.00
16378,2,4,3,2,3,25,6,62.00
16379,2,5,3,2,3,25,6,60.25
16380,2,1,3,2,2,25,6,91.15
16381,2,2,3,2,2,25,6,80.00
16382,2,3,3,2,2,25,6,88.60
16383,2,4,3,2,2,25,6,78.00
16384,2,5,3,2,2,25,6,78.00
16385,2,1,3,2,1,25,6,97.00
16386,2,2,3,2,1,25,6,98.00
16387,2,3,3,2,1,25,6,99.00
16388,2,4,3,2,1,25,6,99.00
16389,2,5,3,2,1,25,6,97.00
16465,2,1,3,2,5,26,6,46.00
16466,2,2,3,2,5,26,6,46.00
16467,2,3,3,2,5,26,6,48.00
16468,2,4,3,2,5,26,6,42.00
16469,2,5,3,2,5,26,6,42.00
16470,2,1,3,2,4,26,6,54.00
16471,2,2,3,2,4,26,6,55.50
16472,2,3,3,2,4,26,6,59.00
16473,2,4,3,2,4,26,6,55.00
16474,2,5,3,2,4,26,6,56.00
16475,2,1,3,2,3,26,6,67.00
16476,2,2,3,2,3,26,6,70.00
16477,2,3,3,2,3,26,6,69.75
16478,2,4,3,2,3,26,6,65.00
16479,2,5,3,2,3,26,6,67.00
16480,2,1,3,2,2,26,6,79.30
16481,2,2,3,2,2,26,6,84.55
16482,2,3,3,2,2,26,6,83.00
16483,2,4,3,2,2,26,6,79.00
16484,2,5,3,2,2,26,6,82.00
16485,2,1,3,2,1,26,6,89.00
16486,2,2,3,2,1,26,6,91.00
16487,2,3,3,2,1,26,6,97.00
16488,2,4,3,2,1,26,6,95.00
16489,2,5,3,2,1,26,6,96.00
16565,2,1,3,2,5,27,6,54.00
16566,2,2,3,2,5,27,6,54.00
16567,2,3,3,2,5,27,6,57.00
16568,2,4,3,2,5,27,6,54.00
16569,2,5,3,2,5,27,6,53.00
16570,2,1,3,2,4,27,6,73.50
16571,2,2,3,2,4,27,6,73.00
16572,2,3,3,2,4,27,6,74.00
16573,2,4,3,2,4,27,6,73.00
16574,2,5,3,2,4,27,6,72.00
16575,2,1,3,2,3,27,6,79.00
16576,2,2,3,2,3,27,6,92.00
16577,2,3,3,2,3,27,6,93.00
16578,2,4,3,2,3,27,6,89.25
16579,2,5,3,2,3,27,6,79.00
16580,2,1,3,2,2,27,6,97.00
16581,2,2,3,2,2,27,6,99.00
16582,2,3,3,2,2,27,6,97.00
16583,2,4,3,2,2,27,6,97.00
16584,2,5,3,2,2,27,6,96.00
16585,2,1,3,2,1,27,6,99.00
16586,2,2,3,2,1,27,6,99.00
16587,2,3,3,2,1,27,6,99.00
16588,2,4,3,2,1,27,6,99.00
16589,2,5,3,2,1,27,6,99.00
16665,2,1,3,2,5,28,6,36.00
16666,2,2,3,2,5,28,6,42.50
16667,2,3,3,2,5,28,6,36.00
16668,2,4,3,2,5,28,6,34.00
16669,2,5,3,2,5,28,6,34.00
16670,2,1,3,2,4,28,6,54.00
16671,2,2,3,2,4,28,6,54.00
16672,2,3,3,2,4,28,6,54.50
16673,2,4,3,2,4,28,6,53.00
16674,2,5,3,2,4,28,6,56.00
16675,2,1,3,2,3,28,6,71.75
16676,2,2,3,2,3,28,6,74.00
16677,2,3,3,2,3,28,6,75.50
16678,2,4,3,2,3,28,6,72.00
16679,2,5,3,2,3,28,6,74.00
16680,2,1,3,2,2,28,6,93.00
16681,2,2,3,2,2,28,6,96.00
16682,2,3,3,2,2,28,6,94.00
16683,2,4,3,2,2,28,6,92.00
16684,2,5,3,2,2,28,6,93.00
16685,2,1,3,2,1,28,6,97.00
16686,2,2,3,2,1,28,6,99.00
16687,2,3,3,2,1,28,6,97.00
16688,2,4,3,2,1,28,6,99.00
16689,2,5,3,2,1,28,6,99.00
16765,2,1,3,2,5,29,6,32.00
16766,2,2,3,2,5,29,6,34.50
16767,2,3,3,2,5,29,6,33.00
16768,2,4,3,2,5,29,6,34.00
16769,2,5,3,2,5,29,6,34.00
16770,2,1,3,2,4,29,6,50.00
16771,2,2,3,2,4,29,6,52.00
16772,2,3,3,2,4,29,6,51.00
16773,2,4,3,2,4,29,6,52.00
16774,2,5,3,2,4,29,6,52.00
16775,2,1,3,2,3,29,6,55.75
16776,2,2,3,2,3,29,6,70.00
16777,2,3,3,2,3,29,6,54.00
16778,2,4,3,2,3,29,6,56.00
16779,2,5,3,2,3,29,6,61.50
16780,2,1,3,2,2,29,6,76.00
16781,2,2,3,2,2,29,6,76.00
16782,2,3,3,2,2,29,6,75.90
16783,2,4,3,2,2,29,6,77.00
16784,2,5,3,2,2,29,6,77.00
16785,2,1,3,2,1,29,6,99.00
16786,2,2,3,2,1,29,6,97.00
16787,2,3,3,2,1,29,6,99.00
16788,2,4,3,2,1,29,6,94.00
16789,2,5,3,2,1,29,6,95.00
16865,2,1,3,2,5,22,6,31.25
16866,2,2,3,2,5,22,6,33.00
16867,2,3,3,2,5,22,6,35.00
16868,2,4,3,2,5,22,6,32.00
16869,2,5,3,2,5,22,6,32.75
16870,2,1,3,2,4,22,6,39.00
16871,2,2,3,2,4,22,6,39.00
16872,2,3,3,2,4,22,6,42.00
16873,2,4,3,2,4,22,6,40.00
16874,2,5,3,2,4,22,6,40.00
16875,2,1,3,2,3,22,6,47.75
16876,2,2,3,2,3,22,6,48.75
16877,2,3,3,2,3,22,6,51.00
16878,2,4,3,2,3,22,6,48.00
16879,2,5,3,2,3,22,6,48.00
16880,2,1,3,2,2,22,6,62.00
16881,2,2,3,2,2,22,6,63.65
16882,2,3,3,2,2,22,6,62.95
16883,2,4,3,2,2,22,6,65.00
16884,2,5,3,2,2,22,6,62.85
16885,2,1,3,2,1,22,6,78.00
16886,2,2,3,2,1,22,6,83.00
16887,2,3,3,2,1,22,6,80.00
16888,2,4,3,2,1,22,6,84.00
16889,2,5,3,2,1,22,6,84.00
16965,2,1,3,2,5,31,6,56.25
16966,2,2,3,2,5,31,6,60.00
16967,2,3,3,2,5,31,6,60.00
16968,2,4,3,2,5,31,6,50.50
16969,2,5,3,2,5,31,6,68.75
16970,2,1,3,2,4,31,6,89.00
16971,2,2,3,2,4,31,6,82.50
16972,2,3,3,2,4,31,6,89.00
16973,2,4,3,2,4,31,6,90.00
16974,2,5,3,2,4,31,6,90.00
16975,2,1,3,2,3,31,6,98.00
16976,2,2,3,2,3,31,6,96.00
16977,2,3,3,2,3,31,6,98.00
16978,2,4,3,2,3,31,6,98.00
16979,2,5,3,2,3,31,6,98.00
16980,2,1,3,2,2,31,6,100.00
16981,2,2,3,2,2,31,6,100.00
16982,2,3,3,2,2,31,6,100.00
16983,2,4,3,2,2,31,6,100.00
16984,2,5,3,2,2,31,6,100.00
16985,2,1,3,2,1,31,6,100.00
16986,2,2,3,2,1,31,6,100.00
16987,2,3,3,2,1,31,6,100.00
16988,2,4,3,2,1,31,6,100.00
16989,2,5,3,2,1,31,6,100.00
17065,2,1,3,2,5,32,6,13.00
17066,2,2,3,2,5,32,6,11.00
17067,2,3,3,2,5,32,6,11.00
17068,2,4,3,2,5,32,6,11.00
17069,2,5,3,2,5,32,6,9.00
17070,2,1,3,2,4,32,6,30.00
17071,2,2,3,2,4,32,6,18.00
17072,2,3,3,2,4,32,6,16.00
17073,2,4,3,2,4,32,6,16.00
17074,2,5,3,2,4,32,6,16.50
17075,2,1,3,2,3,32,6,52.00
17076,2,2,3,2,3,32,6,39.00
17077,2,3,3,2,3,32,6,36.00
17078,2,4,3,2,3,32,6,35.25
17079,2,5,3,2,3,32,6,36.00
17080,2,1,3,2,2,32,6,74.00
17081,2,2,3,2,2,32,6,73.00
17082,2,3,3,2,2,32,6,73.95
17083,2,4,3,2,2,32,6,72.05
17084,2,5,3,2,2,32,6,72.85
17085,2,1,3,2,1,32,6,94.00
17086,2,2,3,2,1,32,6,93.00
17087,2,3,3,2,1,32,6,94.00
17088,2,4,3,2,1,32,6,99.00
17089,2,5,3,2,1,32,6,94.00
17165,2,1,3,2,5,33,6,20.00
17166,2,2,3,2,5,33,6,31.00
17167,2,3,3,2,5,33,6,16.00
17168,2,4,3,2,5,33,6,17.00
17169,2,5,3,2,5,33,6,32.75
17170,2,1,3,2,4,33,6,34.00
17171,2,2,3,2,4,33,6,36.00
17172,2,3,3,2,4,33,6,34.00
17173,2,4,3,2,4,33,6,33.00
17174,2,5,3,2,4,33,6,37.00
17175,2,1,3,2,3,33,6,53.00
17176,2,2,3,2,3,33,6,53.00
17177,2,3,3,2,3,33,6,54.00
17178,2,4,3,2,3,33,6,53.00
17179,2,5,3,2,3,33,6,53.00
17180,2,1,3,2,2,33,6,74.30
17181,2,2,3,2,2,33,6,73.55
17182,2,3,3,2,2,33,6,73.00
17183,2,4,3,2,2,33,6,73.00
17184,2,5,3,2,2,33,6,72.00
17185,2,1,3,2,1,33,6,99.00
17186,2,2,3,2,1,33,6,93.00
17187,2,3,3,2,1,33,6,99.00
17188,2,4,3,2,1,33,6,93.00
17189,2,5,3,2,1,33,6,94.00
17265,2,1,3,2,5,97,6,47.00
17266,2,2,3,2,5,97,6,62.00
17267,2,3,3,2,5,97,6,62.00
17268,2,4,3,2,5,97,6,62.00
17269,2,5,3,2,5,97,6,62.00
17270,2,1,3,2,4,97,6,62.00
17271,2,2,3,2,4,97,6,77.00
17272,2,3,3,2,4,97,6,82.00
17273,2,4,3,2,4,97,6,82.00
17274,2,5,3,2,4,97,6,82.00
17275,2,1,3,2,3,97,6,86.00
17276,2,2,3,2,3,97,6,86.00
17277,2,3,3,2,3,97,6,86.00
17278,2,4,3,2,3,97,6,86.00
17279,2,5,3,2,3,97,6,86.00
17280,2,1,3,2,2,97,6,95.00
17281,2,2,3,2,2,97,6,95.00
17282,2,3,3,2,2,97,6,96.90
17283,2,4,3,2,2,97,6,95.00
17284,2,5,3,2,2,97,6,95.00
17285,2,1,3,2,1,97,6,99.00
17286,2,2,3,2,1,97,6,97.00
17287,2,3,3,2,1,97,6,99.00
17288,2,4,3,2,1,97,6,97.00
17289,2,5,3,2,1,97,6,97.00
17365,2,1,3,2,5,98,6,42.00
17366,2,2,3,2,5,98,6,42.00
17367,2,3,3,2,5,98,6,42.00
17368,2,4,3,2,5,98,6,42.00
17369,2,5,3,2,5,98,6,42.00
17370,2,1,3,2,4,98,6,50.00
17371,2,2,3,2,4,98,6,50.00
17372,2,3,3,2,4,98,6,50.00
17373,2,4,3,2,4,98,6,50.00
17374,2,5,3,2,4,98,6,50.00
17375,2,1,3,2,3,98,6,68.00
17376,2,2,3,2,3,98,6,68.00
17377,2,3,3,2,3,98,6,68.00
17378,2,4,3,2,3,98,6,68.00
17379,2,5,3,2,3,98,6,68.00
17380,2,1,3,2,2,98,6,84.00
17381,2,2,3,2,2,98,6,84.00
17382,2,3,3,2,2,98,6,95.40
17383,2,4,3,2,2,98,6,84.00
17384,2,5,3,2,2,98,6,84.00
17385,2,1,3,2,1,98,6,96.00
17386,2,2,3,2,1,98,6,96.00
17387,2,3,3,2,1,98,6,96.00
17388,2,4,3,2,1,98,6,96.00
17389,2,5,3,2,1,98,6,96.00
17465,2,1,3,2,5,96,6,26.00
17466,2,2,3,2,5,96,6,26.00
17467,2,3,3,2,5,96,6,26.00
17468,2,4,3,2,5,96,6,26.00
17469,2,5,3,2,5,96,6,26.00
17470,2,1,3,2,4,96,6,36.00
17471,2,2,3,2,4,96,6,41.00
17472,2,3,3,2,4,96,6,38.00
17473,2,4,3,2,4,96,6,36.00
17474,2,5,3,2,4,96,6,36.00
17475,2,1,3,2,3,96,6,46.00
17476,2,2,3,2,3,96,6,51.00
17477,2,3,3,2,3,96,6,51.00
17478,2,4,3,2,3,96,6,46.00
17479,2,5,3,2,3,96,6,51.00
17480,2,1,3,2,2,96,6,61.00
17481,2,2,3,2,2,96,6,66.00
17482,2,3,3,2,2,96,6,61.00
17483,2,4,3,2,2,96,6,61.00
17484,2,5,3,2,2,96,6,66.00
17485,2,1,3,2,1,96,6,86.00
17486,2,2,3,2,1,96,6,81.00
17487,2,3,3,2,1,96,6,86.00
17488,2,4,3,2,1,96,6,81.00
17489,2,5,3,2,1,96,6,95.00
17525,2,1,3,2,1,36,5,1.53
17526,2,1,3,2,2,36,5,1.72
17527,2,1,3,2,3,36,5,1.84
17528,2,1,3,2,4,36,5,1.93
17529,2,1,3,2,5,36,5,2.06
17575,2,5,3,2,5,41,9,28.15
17576,2,5,3,2,4,41,9,44.72
17577,2,5,3,2,3,41,9,64.37
17578,2,5,3,2,2,41,9,90.47
17579,2,5,3,2,1,41,9,100.00
17610,2,5,3,2,5,44,9,51.34
17611,2,5,3,2,4,44,9,75.59
17612,2,5,3,2,3,44,9,91.65
17613,2,5,3,2,2,44,9,99.36
17614,2,5,3,2,1,44,9,100.00
17645,2,5,3,2,5,40,9,30.47
17646,2,5,3,2,4,40,9,48.32
17647,2,5,3,2,3,40,9,71.05
17648,2,5,3,2,2,40,9,95.51
17649,2,5,3,2,1,40,9,100.00
17680,2,5,3,2,5,43,9,23.60
17681,2,5,3,2,4,43,9,33.72
17682,2,5,3,2,3,43,9,48.93
17683,2,5,3,2,2,43,9,81.60
17684,2,5,3,2,1,43,9,99.95
17715,2,5,3,2,5,42,9,22.54
17716,2,5,3,2,4,42,9,34.79
17717,2,5,3,2,3,42,9,54.11
17718,2,5,3,2,2,42,9,94.55
17719,2,5,3,2,1,42,9,99.99
17750,2,5,3,2,4,35,7,55.95
17751,2,5,3,2,5,35,7,53.79
17752,2,5,3,2,3,35,7,57.81
17753,2,5,3,2,2,35,7,60.96
17754,2,5,3,2,1,35,7,67.17
17785,2,5,3,2,4,39,7,55.85
17786,2,5,3,2,5,39,7,53.36
17787,2,5,3,2,3,39,7,58.22
17788,2,5,3,2,2,39,7,60.85
17789,2,5,3,2,1,39,7,65.45
17820,2,5,3,2,4,34,7,56.81
17821,2,5,3,2,5,34,7,54.88
17822,2,5,3,2,3,34,7,58.81
17823,2,5,3,2,2,34,7,61.67
17824,2,5,3,2,1,34,7,67.08
17855,2,5,3,2,4,38,7,56.81
17856,2,5,3,2,5,38,7,54.48
17857,2,5,3,2,3,38,7,58.77
17858,2,5,3,2,2,38,7,61.68
17859,2,5,3,2,1,38,7,66.42
17890,2,5,3,2,4,37,7,55.12
17891,2,5,3,2,5,37,7,52.97
17892,2,5,3,2,3,37,7,57.58
17893,2,5,3,2,2,37,7,61.04
17894,2,5,3,2,1,37,7,65.45
18025,2,1,3,2,5,105,2,62.00
18026,2,2,3,2,5,105,2,61.00
18027,2,3,3,2,5,105,2,60.00
18028,2,4,3,2,5,105,2,59.00
18029,2,5,3,2,5,105,2,61.00
18030,2,1,3,2,4,105,2,65.00
18031,2,2,3,2,4,105,2,65.00
18032,2,3,3,2,4,105,2,63.00
18033,2,4,3,2,4,105,2,62.00
18034,2,5,3,2,4,105,2,65.00
18035,2,1,3,2,3,105,2,68.00
18036,2,2,3,2,3,105,2,68.25
18037,2,3,3,2,3,105,2,67.00
18038,2,4,3,2,3,105,2,66.00
18039,2,5,3,2,3,105,2,68.00
18040,2,1,3,2,2,105,2,73.00
18041,2,2,3,2,2,105,2,73.00
18042,2,3,3,2,2,105,2,71.00
18043,2,4,3,2,2,105,2,71.25
18044,2,5,3,2,2,105,2,73.00
18045,2,1,3,2,1,105,2,86.00
18046,2,2,3,2,1,105,2,78.00
18047,2,3,3,2,1,105,2,80.00
18048,2,4,3,2,1,105,2,79.00
18049,2,5,3,2,1,105,2,81.00
18200,2,1,3,2,5,104,1,62.20
18201,2,2,3,2,5,104,1,61.00
18202,2,3,3,2,5,104,1,59.40
18203,2,4,3,2,5,104,1,59.70
18204,2,5,3,2,5,104,1,62.00
18205,2,1,3,2,4,104,1,71.50
18206,2,2,3,2,4,104,1,70.50
18207,2,3,3,2,4,104,1,66.70
18208,2,4,3,2,4,104,1,66.00
18209,2,5,3,2,4,104,1,69.80
18210,2,1,3,2,3,104,1,80.00
18211,2,2,3,2,3,104,1,78.05
18212,2,3,3,2,3,104,1,74.00
18213,2,4,3,2,3,104,1,75.60
18214,2,5,3,2,3,104,1,77.90
18215,2,1,3,2,2,104,1,94.58
18216,2,2,3,2,2,104,1,93.26
18217,2,3,3,2,2,104,1,86.16
18218,2,4,3,2,2,104,1,87.25
18219,2,5,3,2,2,104,1,92.12
18220,2,1,3,2,1,104,1,112.20
18221,2,2,3,2,1,104,1,115.00
18222,2,3,3,2,1,104,1,99.00
18223,2,4,3,2,1,104,1,116.40
18224,2,5,3,2,1,104,1,114.80
18375,2,1,3,2,5,103,1,68.00
18376,2,2,3,2,5,103,1,66.15
18377,2,3,3,2,5,103,1,63.60
18378,2,4,3,2,5,103,1,64.00
18379,2,5,3,2,5,103,1,67.20
18380,2,1,3,2,4,103,1,76.00
18381,2,2,3,2,4,103,1,74.00
18382,2,3,3,2,4,103,1,71.40
18383,2,4,3,2,4,103,1,71.00
18384,2,5,3,2,4,103,1,75.40
18385,2,1,3,2,3,103,1,85.95
18386,2,2,3,2,3,103,1,84.25
18387,2,3,3,2,3,103,1,80.20
18388,2,4,3,2,3,103,1,79.60
18389,2,5,3,2,3,103,1,85.60
18390,2,1,3,2,2,103,1,98.98
18391,2,2,3,2,2,103,1,100.19
18392,2,3,3,2,2,103,1,92.96
18393,2,4,3,2,2,103,1,95.10
18394,2,5,3,2,2,103,1,99.70
18395,2,1,3,2,1,103,1,119.00
18396,2,2,3,2,1,103,1,112.00
18397,2,3,3,2,1,103,1,113.00
18398,2,4,3,2,1,103,1,124.00
18399,2,5,3,2,1,103,1,121.40
18550,2,1,3,2,5,102,1,67.00
18551,2,2,3,2,5,102,1,64.00
18552,2,3,3,2,5,102,1,70.00
18553,2,4,3,2,5,102,1,71.75
18554,2,5,3,2,5,102,1,65.25
18555,2,1,3,2,4,102,1,71.00
18556,2,2,3,2,4,102,1,72.00
18557,2,3,3,2,4,102,1,74.00
18558,2,4,3,2,4,102,1,76.00
18559,2,5,3,2,4,102,1,70.00
18560,2,1,3,2,3,102,1,77.00
18561,2,2,3,2,3,102,1,76.00
18562,2,3,3,2,3,102,1,81.00
18563,2,4,3,2,3,102,1,81.25
18564,2,5,3,2,3,102,1,76.00
18565,2,1,3,2,2,102,1,84.00
18566,2,2,3,2,2,102,1,82.00
18567,2,3,3,2,2,102,1,88.00
18568,2,4,3,2,2,102,1,88.00
18569,2,5,3,2,2,102,1,86.00
18570,2,1,3,2,1,102,1,90.00
18571,2,2,3,2,1,102,1,89.00
18572,2,3,3,2,1,102,1,94.00
18573,2,4,3,2,1,102,1,103.00
18574,2,5,3,2,1,102,1,94.00
18725,2,1,3,2,5,101,1,5.73
18726,2,2,3,2,5,101,1,5.72
18727,2,3,3,2,5,101,1,5.51
18728,2,4,3,2,5,101,1,5.39
18729,2,5,3,2,5,101,1,5.70
18730,2,1,3,2,4,101,1,5.40
18731,2,2,3,2,4,101,1,5.48
18732,2,3,3,2,4,101,1,5.22
18733,2,4,3,2,4,101,1,5.18
18734,2,5,3,2,4,101,1,5.52
18735,2,1,3,2,3,101,1,5.20
18736,2,2,3,2,3,101,1,5.28
18737,2,3,3,2,3,101,1,5.01
18738,2,4,3,2,3,101,1,4.93
18739,2,5,3,2,3,101,1,5.30
18740,2,1,3,2,2,101,1,4.94
18741,2,2,3,2,2,101,1,5.00
18742,2,3,3,2,2,101,1,4.79
18743,2,4,3,2,2,101,1,4.68
18744,2,5,3,2,2,101,1,4.98
18745,2,1,3,2,1,101,1,4.80
18746,2,2,3,2,1,101,1,4.86
18747,2,3,3,2,1,101,1,4.59
18748,2,4,3,2,1,101,1,4.46
18749,2,5,3,2,1,101,1,4.70
18900,2,1,3,2,5,100,1,13.79
18901,2,2,3,2,5,100,1,13.56
18902,2,3,3,2,5,100,1,12.98
18903,2,4,3,2,5,100,1,12.80
18904,2,5,3,2,5,100,1,13.97
18905,2,1,3,2,4,100,1,13.10
18906,2,2,3,2,4,100,1,13.01
18907,2,3,3,2,4,100,1,12.50
18908,2,4,3,2,4,100,1,12.38
18909,2,5,3,2,4,100,1,13.19
18910,2,1,3,2,3,100,1,12.54
18911,2,2,3,2,3,100,1,12.53
18912,2,3,3,2,3,100,1,12.00
18913,2,4,3,2,3,100,1,11.98
18914,2,5,3,2,3,100,1,12.57
18915,2,1,3,2,2,100,1,12.03
18916,2,2,3,2,2,100,1,11.86
18917,2,3,3,2,2,100,1,11.51
18918,2,4,3,2,2,100,1,11.41
18919,2,5,3,2,2,100,1,12.00
18920,2,1,3,2,1,100,1,11.12
18921,2,2,3,2,1,100,1,11.15
18922,2,3,3,2,1,100,1,10.98
18923,2,4,3,2,1,100,1,10.64
18924,2,5,3,2,1,100,1,11.18
19075,2,1,3,2,5,99,1,3.44
19076,2,2,3,2,5,99,1,3.40
19077,2,3,3,2,5,99,1,3.27
19078,2,4,3,2,5,99,1,3.24
19079,2,5,3,2,5,99,1,3.45
19080,2,1,3,2,4,99,1,3.30
19081,2,2,3,2,4,99,1,3.26
19082,2,3,3,2,4,99,1,3.13
19083,2,4,3,2,4,99,1,3.11
19084,2,5,3,2,4,99,1,3.28
19085,2,1,3,2,3,99,1,3.16
19086,2,2,3,2,3,99,1,3.12
19087,2,3,3,2,3,99,1,3.02
19088,2,4,3,2,3,99,1,2.99
19089,2,5,3,2,3,99,1,3.15
19090,2,1,3,2,2,99,1,2.96
19091,2,2,3,2,2,99,1,2.95
19092,2,3,3,2,2,99,1,2.87
19093,2,4,3,2,2,99,1,2.85
19094,2,5,3,2,2,99,1,2.99
19095,2,1,3,2,1,99,1,2.79
19096,2,2,3,2,1,99,1,2.73
19097,2,3,3,2,1,99,1,2.74
19098,2,4,3,2,1,99,1,2.66
19099,2,5,3,2,1,99,1,2.74
19135,2,1,3,2,1,112,5,1.53
19136,2,1,3,2,2,112,5,1.72
19137,2,1,3,2,3,112,5,1.84
19138,2,1,3,2,4,112,5,1.93
19139,2,1,3,2,5,112,5,2.06
19285,2,1,3,2,5,107,4,52.00
19286,2,2,3,2,5,107,4,51.00
19287,2,3,3,2,5,107,4,52.00
19288,2,4,3,2,5,107,4,52.00
19289,2,5,3,2,5,107,4,51.00
19290,2,1,3,2,4,107,4,55.00
19291,2,2,3,2,4,107,4,54.00
19292,2,3,3,2,4,107,4,55.00
19293,2,4,3,2,4,107,4,56.00
19294,2,5,3,2,4,107,4,54.00
19295,2,1,3,2,3,107,4,58.00
19296,2,2,3,2,3,107,4,57.00
19297,2,3,3,2,3,107,4,59.00
19298,2,4,3,2,3,107,4,58.00
19299,2,5,3,2,3,107,4,57.00
19300,2,1,3,2,2,107,4,63.00
19301,2,2,3,2,2,107,4,61.00
19302,2,3,3,2,2,107,4,62.00
19303,2,4,3,2,2,107,4,63.00
19304,2,5,3,2,2,107,4,61.00
19305,2,1,3,2,1,107,4,72.00
19306,2,2,3,2,1,107,4,67.00
19307,2,3,3,2,1,107,4,71.00
19308,2,4,3,2,1,107,4,68.00
19309,2,5,3,2,1,107,4,66.00
19460,2,1,3,2,5,106,2,62.00
19461,2,2,3,2,5,106,2,61.00
19462,2,3,3,2,5,106,2,60.00
19463,2,4,3,2,5,106,2,59.00
19464,2,5,3,2,5,106,2,61.00
19465,2,1,3,2,4,106,2,65.00
19466,2,2,3,2,4,106,2,65.00
19467,2,3,3,2,4,106,2,63.00
19468,2,4,3,2,4,106,2,62.00
19469,2,5,3,2,4,106,2,65.00
19470,2,1,3,2,3,106,2,68.00
19471,2,2,3,2,3,106,2,68.25
19472,2,3,3,2,3,106,2,67.00
19473,2,4,3,2,3,106,2,66.00
19474,2,5,3,2,3,106,2,68.00
19475,2,1,3,2,2,106,2,73.00
19476,2,2,3,2,2,106,2,73.00
19477,2,3,3,2,2,106,2,71.00
19478,2,4,3,2,2,106,2,71.25
19479,2,5,3,2,2,106,2,73.00
19480,2,1,3,2,1,106,2,86.00
19481,2,2,3,2,1,106,2,78.00
19482,2,3,3,2,1,106,2,80.00
19483,2,4,3,2,1,106,2,79.00
19484,2,5,3,2,1,106,2,81.00
19635,2,1,3,2,5,108,4,52.00
19636,2,2,3,2,5,108,4,51.00
19637,2,3,3,2,5,108,4,52.00
19638,2,4,3,2,5,108,4,52.00
19639,2,5,3,2,5,108,4,51.00
19640,2,1,3,2,4,108,4,55.00
19641,2,2,3,2,4,108,4,54.00
19642,2,3,3,2,4,108,4,55.00
19643,2,4,3,2,4,108,4,56.00
19644,2,5,3,2,4,108,4,54.00
19645,2,1,3,2,3,108,4,58.00
19646,2,2,3,2,3,108,4,57.00
19647,2,3,3,2,3,108,4,59.00
19648,2,4,3,2,3,108,4,58.00
19649,2,5,3,2,3,108,4,57.00
19650,2,1,3,2,2,108,4,63.00
19651,2,2,3,2,2,108,4,61.00
19652,2,3,3,2,2,108,4,62.00
19653,2,4,3,2,2,108,4,63.00
19654,2,5,3,2,2,108,4,61.00
19655,2,1,3,2,1,108,4,72.00
19656,2,2,3,2,1,108,4,67.00
19657,2,3,3,2,1,108,4,71.00
19658,2,4,3,2,1,108,4,68.00
19659,2,5,3,2,1,108,4,66.00
19810,2,1,3,2,5,109,4,52.00
19811,2,2,3,2,5,109,4,51.00
19812,2,3,3,2,5,109,4,52.00
19813,2,4,3,2,5,109,4,52.00
19814,2,5,3,2,5,109,4,51.00
19815,2,1,3,2,4,109,4,55.00
19816,2,2,3,2,4,109,4,54.00
19817,2,3,3,2,4,109,4,55.00
19818,2,4,3,2,4,109,4,56.00
19819,2,5,3,2,4,109,4,54.00
19820,2,1,3,2,3,109,4,58.00
19821,2,2,3,2,3,109,4,57.00
19822,2,3,3,2,3,109,4,59.00
19823,2,4,3,2,3,109,4,58.00
19824,2,5,3,2,3,109,4,57.00
19825,2,1,3,2,2,109,4,63.00
19826,2,2,3,2,2,109,4,61.00
19827,2,3,3,2,2,109,4,62.00
19828,2,4,3,2,2,109,4,63.00
19829,2,5,3,2,2,109,4,61.00
19830,2,1,3,2,1,109,4,72.00
19831,2,2,3,2,1,109,4,67.00
19832,2,3,3,2,1,109,4,71.00
19833,2,4,3,2,1,109,4,68.00
19834,2,5,3,2,1,109,4,66.00
19985,2,1,3,2,5,110,4,52.00
19986,2,2,3,2,5,110,4,51.00
19987,2,3,3,2,5,110,4,52.00
19988,2,4,3,2,5,110,4,52.00
19989,2,5,3,2,5,110,4,51.00
19990,2,1,3,2,4,110,4,55.00
19991,2,2,3,2,4,110,4,54.00
19992,2,3,3,2,4,110,4,55.00
19993,2,4,3,2,4,110,4,56.00
19994,2,5,3,2,4,110,4,54.00
19995,2,1,3,2,3,110,4,58.00
19996,2,2,3,2,3,110,4,57.00
19997,2,3,3,2,3,110,4,59.00
19998,2,4,3,2,3,110,4,58.00
19999,2,5,3,2,3,110,4,57.00
20000,2,1,3,2,2,110,4,63.00
20001,2,2,3,2,2,110,4,61.00
20002,2,3,3,2,2,110,4,62.00
20003,2,4,3,2,2,110,4,63.00
20004,2,5,3,2,2,110,4,61.00
20005,2,1,3,2,1,110,4,72.00
20006,2,2,3,2,1,110,4,67.00
20007,2,3,3,2,1,110,4,71.00
20008,2,4,3,2,1,110,4,68.00
20009,2,5,3,2,1,110,4,66.00
20160,2,1,3,2,5,111,4,52.00
20161,2,2,3,2,5,111,4,51.00
20162,2,3,3,2,5,111,4,52.00
20163,2,4,3,2,5,111,4,52.00
20164,2,5,3,2,5,111,4,51.00
20165,2,1,3,2,4,111,4,55.00
20166,2,2,3,2,4,111,4,54.00
20167,2,3,3,2,4,111,4,55.00
20168,2,4,3,2,4,111,4,56.00
20169,2,5,3,2,4,111,4,54.00
20170,2,1,3,2,3,111,4,58.00
20171,2,2,3,2,3,111,4,57.00
20172,2,3,3,2,3,111,4,59.00
20173,2,4,3,2,3,111,4,58.00
20174,2,5,3,2,3,111,4,57.00
20175,2,1,3,2,2,111,4,63.00
20176,2,2,3,2,2,111,4,61.00
20177,2,3,3,2,2,111,4,62.00
20178,2,4,3,2,2,111,4,63.00
20179,2,5,3,2,2,111,4,61.00
20180,2,1,3,2,1,111,4,72.00
20181,2,2,3,2,1,111,4,67.00
20182,2,3,3,2,1,111,4,71.00
20183,2,4,3,2,1,111,4,68.00
20184,2,5,3,2,1,111,4,66.00
20220,2,1,3,2,1,113,5,1.53
20221,2,1,3,2,2,113,5,1.72
20222,2,1,3,2,3,113,5,1.84
20223,2,1,3,2,4,113,5,1.93
20224,2,1,3,2,5,113,5,2.06
20255,2,1,3,2,1,114,5,1.53
20256,2,1,3,2,2,114,5,1.72
20257,2,1,3,2,3,114,5,1.84
20258,2,1,3,2,4,114,5,1.93
20259,2,1,3,2,5,114,5,2.06
20305,2,5,3,2,5,115,7,54.88
20306,2,5,3,2,4,115,7,56.81
20307,2,5,3,2,3,115,7,58.81
20308,2,5,3,2,2,115,7,61.67
20309,2,5,3,2,1,115,7,67.08
20340,2,5,3,2,5,116,7,53.36
20341,2,5,3,2,4,116,7,55.85
20342,2,5,3,2,3,116,7,58.22
20343,2,5,3,2,2,116,7,60.85
20344,2,5,3,2,1,116,7,65.45
20375,2,5,3,2,5,117,7,53.79
20376,2,5,3,2,4,117,7,55.95
20377,2,5,3,2,3,117,7,57.81
20378,2,5,3,2,2,117,7,60.96
20379,2,5,3,2,1,117,7,67.17
20410,2,5,3,2,5,118,7,52.97
20411,2,5,3,2,4,118,7,55.12
20412,2,5,3,2,3,118,7,57.58
20413,2,5,3,2,2,118,7,61.04
20414,2,5,3,2,1,118,7,65.45
20445,2,5,3,2,5,119,7,54.48
20446,2,5,3,2,4,119,7,56.81
20447,2,5,3,2,3,119,7,58.77
20448,2,5,3,2,2,119,7,61.68
20449,2,5,3,2,1,119,7,66.42
20480,2,5,3,2,5,120,9,30.47
20481,2,5,3,2,4,120,9,48.32
20482,2,5,3,2,3,120,9,71.05
20483,2,5,3,2,2,120,9,95.51
20484,2,5,3,2,1,120,9,100.00
20515,2,5,3,2,5,121,9,51.34
20516,2,5,3,2,4,121,9,75.59
20517,2,5,3,2,3,121,9,91.65
20518,2,5,3,2,2,121,9,99.36
20519,2,5,3,2,1,121,9,100.00
20550,2,5,3,2,5,122,9,28.15
20551,2,5,3,2,4,122,9,44.72
20552,2,5,3,2,3,122,9,64.37
20553,2,5,3,2,2,122,9,90.47
20554,2,5,3,2,1,122,9,100.00
20585,2,5,3,2,5,123,9,22.54
20586,2,5,3,2,4,123,9,34.79
20587,2,5,3,2,3,123,9,54.11
20588,2,5,3,2,2,123,9,94.55
20589,2,5,3,2,1,123,9,99.99
20620,2,5,3,2,5,124,9,23.60
20621,2,5,3,2,4,124,9,33.72
20622,2,5,3,2,3,124,9,48.93
20623,2,5,3,2,2,124,9,81.60
20624,2,5,3,2,1,124,9,99.95
20980,2,1,3,2,5,127,1,3.44
20981,2,2,3,2,5,127,1,3.40
20982,2,3,3,2,5,127,1,3.27
20983,2,4,3,2,5,127,1,3.24
20984,2,5,3,2,5,127,1,3.45
20985,2,1,3,2,4,127,1,3.30
20986,2,2,3,2,4,127,1,3.26
20987,2,3,3,2,4,127,1,3.13
20988,2,4,3,2,4,127,1,3.11
20989,2,5,3,2,4,127,1,3.28
20990,2,1,3,2,3,127,1,3.16
20991,2,2,3,2,3,127,1,3.12
20992,2,3,3,2,3,127,1,3.02
20993,2,4,3,2,3,127,1,2.99
20994,2,5,3,2,3,127,1,3.15
20995,2,1,3,2,2,127,1,2.96
20996,2,2,3,2,2,127,1,2.95
20997,2,3,3,2,2,127,1,2.87
20998,2,4,3,2,2,127,1,2.85
20999,2,5,3,2,2,127,1,2.99
21000,2,1,3,2,1,127,1,2.79
21001,2,2,3,2,1,127,1,2.73
21002,2,3,3,2,1,127,1,2.74
21003,2,4,3,2,1,127,1,2.66
21004,2,5,3,2,1,127,1,2.74
21080,2,1,3,2,5,128,1,13.79
21081,2,2,3,2,5,128,1,13.56
21082,2,3,3,2,5,128,1,12.98
21083,2,4,3,2,5,128,1,12.80
21084,2,5,3,2,5,128,1,13.97
21085,2,1,3,2,4,128,1,13.10
21086,2,2,3,2,4,128,1,13.01
21087,2,3,3,2,4,128,1,12.50
21088,2,4,3,2,4,128,1,12.38
21089,2,5,3,2,4,128,1,13.19
21090,2,1,3,2,3,128,1,12.54
21091,2,2,3,2,3,128,1,12.53
21092,2,3,3,2,3,128,1,12.00
21093,2,4,3,2,3,128,1,11.98
21094,2,5,3,2,3,128,1,12.57
21095,2,1,3,2,2,128,1,12.03
21096,2,2,3,2,2,128,1,11.86
21097,2,3,3,2,2,128,1,11.51
21098,2,4,3,2,2,128,1,11.41
21099,2,5,3,2,2,128,1,12.00
21100,2,1,3,2,1,128,1,11.12
21101,2,2,3,2,1,128,1,11.15
21102,2,3,3,2,1,128,1,10.98
21103,2,4,3,2,1,128,1,10.64
21104,2,5,3,2,1,128,1,11.18
21180,2,1,3,2,5,126,4,52.00
21181,2,2,3,2,5,126,4,51.00
21182,2,3,3,2,5,126,4,52.00
21183,2,4,3,2,5,126,4,52.00
21184,2,5,3,2,5,126,4,51.00
21185,2,1,3,2,4,126,4,55.00
21186,2,2,3,2,4,126,4,54.00
21187,2,3,3,2,4,126,4,55.00
21188,2,4,3,2,4,126,4,56.00
21189,2,5,3,2,4,126,4,54.00
21190,2,1,3,2,3,126,4,58.00
21191,2,2,3,2,3,126,4,57.00
21192,2,3,3,2,3,126,4,59.00
21193,2,4,3,2,3,126,4,58.00
21194,2,5,3,2,3,126,4,57.00
21195,2,1,3,2,2,126,4,63.00
21196,2,2,3,2,2,126,4,61.00
21197,2,3,3,2,2,126,4,62.00
21198,2,4,3,2,2,126,4,63.00
21199,2,5,3,2,2,126,4,61.00
21200,2,1,3,2,1,126,4,72.00
21201,2,2,3,2,1,126,4,67.00
21202,2,3,3,2,1,126,4,71.00
21203,2,4,3,2,1,126,4,68.00
21204,2,5,3,2,1,126,4,66.00
21280,2,1,3,2,5,125,2,62.00
21281,2,2,3,2,5,125,2,61.00
21282,2,3,3,2,5,125,2,60.00
21283,2,4,3,2,5,125,2,59.00
21284,2,5,3,2,5,125,2,61.00
21285,2,1,3,2,4,125,2,65.00
21286,2,2,3,2,4,125,2,65.00
21287,2,3,3,2,4,125,2,63.00
21288,2,4,3,2,4,125,2,62.00
21289,2,5,3,2,4,125,2,65.00
21290,2,1,3,2,3,125,2,68.00
21291,2,2,3,2,3,125,2,68.25
21292,2,3,3,2,3,125,2,67.00
21293,2,4,3,2,3,125,2,66.00
21294,2,5,3,2,3,125,2,68.00
21295,2,1,3,2,2,125,2,73.00
21296,2,2,3,2,2,125,2,73.00
21297,2,3,3,2,2,125,2,71.00
21298,2,4,3,2,2,125,2,71.25
21299,2,5,3,2,2,125,2,73.00
21300,2,1,3,2,1,125,2,86.00
21301,2,2,3,2,1,125,2,78.00
21302,2,3,3,2,1,125,2,80.00
21303,2,4,3,2,1,125,2,79.00
21304,2,5,3,2,1,125,2,81.00
21340,2,1,3,2,1,129,5,1.53
21341,2,1,3,2,2,129,5,1.72
21342,2,1,3,2,3,129,5,1.84
21343,2,1,3,2,4,129,5,1.93
21344,2,1,3,2,5,129,5,2.06
21490,2,1,3,2,5,130,1,3.44
21491,2,2,3,2,5,130,1,3.40
21492,2,3,3,2,5,130,1,3.27
21493,2,4,3,2,5,130,1,3.24
21494,2,5,3,2,5,130,1,3.45
21495,2,1,3,2,4,130,1,3.30
21496,2,2,3,2,4,130,1,3.26
21497,2,3,3,2,4,130,1,3.13
21498,2,4,3,2,4,130,1,3.11
21499,2,5,3,2,4,130,1,3.28
21500,2,1,3,2,3,130,1,3.16
21501,2,2,3,2,3,130,1,3.12
21502,2,3,3,2,3,130,1,3.02
21503,2,4,3,2,3,130,1,2.99
21504,2,5,3,2,3,130,1,3.15
21505,2,1,3,2,2,130,1,2.96
21506,2,2,3,2,2,130,1,2.95
21507,2,3,3,2,2,130,1,2.87
21508,2,4,3,2,2,130,1,2.85
21509,2,5,3,2,2,130,1,2.99
21510,2,1,3,2,1,130,1,2.79
21511,2,2,3,2,1,130,1,2.73
21512,2,3,3,2,1,130,1,2.74
21513,2,4,3,2,1,130,1,2.66
21514,2,5,3,2,1,130,1,2.74
21665,2,1,3,2,5,131,1,13.79
21666,2,2,3,2,5,131,1,13.56
21667,2,3,3,2,5,131,1,12.98
21668,2,4,3,2,5,131,1,12.80
21669,2,5,3,2,5,131,1,13.97
21670,2,1,3,2,4,131,1,13.10
21671,2,2,3,2,4,131,1,13.01
21672,2,3,3,2,4,131,1,12.50
21673,2,4,3,2,4,131,1,12.38
21674,2,5,3,2,4,131,1,13.19
21675,2,1,3,2,3,131,1,12.54
21676,2,2,3,2,3,131,1,12.53
21677,2,3,3,2,3,131,1,12.00
21678,2,4,3,2,3,131,1,11.98
21679,2,5,3,2,3,131,1,12.57
21680,2,1,3,2,2,131,1,12.03
21681,2,2,3,2,2,131,1,11.86
21682,2,3,3,2,2,131,1,11.51
21683,2,4,3,2,2,131,1,11.41
21684,2,5,3,2,2,131,1,12.00
21685,2,1,3,2,1,131,1,11.12
21686,2,2,3,2,1,131,1,11.15
21687,2,3,3,2,1,131,1,10.98
21688,2,4,3,2,1,131,1,10.64
21689,2,5,3,2,1,131,1,11.18
21840,2,1,3,2,5,132,1,5.73
21841,2,2,3,2,5,132,1,5.72
21842,2,3,3,2,5,132,1,5.51
21843,2,4,3,2,5,132,1,5.39
21844,2,5,3,2,5,132,1,5.70
21845,2,1,3,2,4,132,1,5.40
21846,2,2,3,2,4,132,1,5.48
21847,2,3,3,2,4,132,1,5.22
21848,2,4,3,2,4,132,1,5.18
21849,2,5,3,2,4,132,1,5.52
21850,2,1,3,2,3,132,1,5.20
21851,2,2,3,2,3,132,1,5.28
21852,2,3,3,2,3,132,1,5.01
21853,2,4,3,2,3,132,1,4.93
21854,2,5,3,2,3,132,1,5.30
21855,2,1,3,2,2,132,1,4.94
21856,2,2,3,2,2,132,1,5.00
21857,2,3,3,2,2,132,1,4.79
21858,2,4,3,2,2,132,1,4.68
21859,2,5,3,2,2,132,1,4.98
21860,2,1,3,2,1,132,1,4.80
21861,2,2,3,2,1,132,1,4.86
21862,2,3,3,2,1,132,1,4.59
21863,2,4,3,2,1,132,1,4.46
21864,2,5,3,2,1,132,1,4.70
22015,2,1,3,2,5,135,1,67.00
22016,2,2,3,2,5,135,1,64.00
22017,2,3,3,2,5,135,1,70.00
22018,2,4,3,2,5,135,1,71.75
22019,2,5,3,2,5,135,1,65.25
22020,2,1,3,2,4,135,1,71.00
22021,2,2,3,2,4,135,1,72.00
22022,2,3,3,2,4,135,1,74.00
22023,2,4,3,2,4,135,1,76.00
22024,2,5,3,2,4,135,1,70.00
22025,2,1,3,2,3,135,1,77.00
22026,2,2,3,2,3,135,1,76.00
22027,2,3,3,2,3,135,1,81.00
22028,2,4,3,2,3,135,1,81.25
22029,2,5,3,2,3,135,1,76.00
22030,2,1,3,2,2,135,1,84.00
22031,2,2,3,2,2,135,1,82.00
22032,2,3,3,2,2,135,1,88.00
22033,2,4,3,2,2,135,1,88.00
22034,2,5,3,2,2,135,1,86.00
22035,2,1,3,2,1,135,1,90.00
22036,2,2,3,2,1,135,1,89.00
22037,2,3,3,2,1,135,1,94.00
22038,2,4,3,2,1,135,1,103.00
22039,2,5,3,2,1,135,1,94.00
22190,2,1,3,2,5,136,1,68.00
22191,2,2,3,2,5,136,1,66.15
22192,2,3,3,2,5,136,1,63.60
22193,2,4,3,2,5,136,1,64.00
22194,2,5,3,2,5,136,1,67.20
22195,2,1,3,2,4,136,1,76.00
22196,2,2,3,2,4,136,1,74.00
22197,2,3,3,2,4,136,1,71.40
22198,2,4,3,2,4,136,1,71.00
22199,2,5,3,2,4,136,1,75.40
22200,2,1,3,2,3,136,1,85.95
22201,2,2,3,2,3,136,1,84.25
22202,2,3,3,2,3,136,1,80.20
22203,2,4,3,2,3,136,1,79.60
22204,2,5,3,2,3,136,1,85.60
22205,2,1,3,2,2,136,1,98.98
22206,2,2,3,2,2,136,1,100.19
22207,2,3,3,2,2,136,1,92.96
22208,2,4,3,2,2,136,1,95.10
22209,2,5,3,2,2,136,1,99.70
22210,2,1,3,2,1,136,1,119.00
22211,2,2,3,2,1,136,1,112.00
22212,2,3,3,2,1,136,1,113.00
22213,2,4,3,2,1,136,1,124.00
22214,2,5,3,2,1,136,1,121.40
22365,2,1,3,2,5,137,1,62.20
22366,2,2,3,2,5,137,1,61.00
22367,2,3,3,2,5,137,1,59.40
22368,2,4,3,2,5,137,1,59.70
22369,2,5,3,2,5,137,1,62.00
22370,2,1,3,2,4,137,1,71.50
22371,2,2,3,2,4,137,1,70.50
22372,2,3,3,2,4,137,1,66.70
22373,2,4,3,2,4,137,1,66.00
22374,2,5,3,2,4,137,1,69.80
22375,2,1,3,2,3,137,1,80.00
22376,2,2,3,2,3,137,1,78.05
22377,2,3,3,2,3,137,1,74.00
22378,2,4,3,2,3,137,1,75.60
22379,2,5,3,2,3,137,1,77.90
22380,2,1,3,2,2,137,1,94.58
22381,2,2,3,2,2,137,1,93.26
22382,2,3,3,2,2,137,1,86.16
22383,2,4,3,2,2,137,1,87.25
22384,2,5,3,2,2,137,1,92.12
22385,2,1,3,2,1,137,1,112.20
22386,2,2,3,2,1,137,1,115.00
22387,2,3,3,2,1,137,1,99.00
22388,2,4,3,2,1,137,1,116.40
22389,2,5,3,2,1,137,1,114.80
22540,2,1,3,2,5,138,2,62.00
22541,2,2,3,2,5,138,2,61.00
22542,2,3,3,2,5,138,2,60.00
22543,2,4,3,2,5,138,2,59.00
22544,2,5,3,2,5,138,2,61.00
22545,2,1,3,2,4,138,2,65.00
22546,2,2,3,2,4,138,2,65.00
22547,2,3,3,2,4,138,2,63.00
22548,2,4,3,2,4,138,2,62.00
22549,2,5,3,2,4,138,2,65.00
22550,2,1,3,2,3,138,2,68.00
22551,2,2,3,2,3,138,2,68.25
22552,2,3,3,2,3,138,2,67.00
22553,2,4,3,2,3,138,2,66.00
22554,2,5,3,2,3,138,2,68.00
22555,2,1,3,2,2,138,2,73.00
22556,2,2,3,2,2,138,2,73.00
22557,2,3,3,2,2,138,2,71.00
22558,2,4,3,2,2,138,2,71.25
22559,2,5,3,2,2,138,2,73.00
22560,2,1,3,2,1,138,2,86.00
22561,2,2,3,2,1,138,2,78.00
22562,2,3,3,2,1,138,2,80.00
22563,2,4,3,2,1,138,2,79.00
22564,2,5,3,2,1,138,2,81.00
22715,2,1,3,2,5,133,4,52.00
22716,2,2,3,2,5,133,4,51.00
22717,2,3,3,2,5,133,4,52.00
22718,2,4,3,2,5,133,4,52.00
22719,2,5,3,2,5,133,4,51.00
22720,2,1,3,2,4,133,4,55.00
22721,2,2,3,2,4,133,4,54.00
22722,2,3,3,2,4,133,4,55.00
22723,2,4,3,2,4,133,4,56.00
22724,2,5,3,2,4,133,4,54.00
22725,2,1,3,2,3,133,4,58.00
22726,2,2,3,2,3,133,4,57.00
22727,2,3,3,2,3,133,4,59.00
22728,2,4,3,2,3,133,4,58.00
22729,2,5,3,2,3,133,4,57.00
22730,2,1,3,2,2,133,4,63.00
22731,2,2,3,2,2,133,4,61.00
22732,2,3,3,2,2,133,4,62.00
22733,2,4,3,2,2,133,4,63.00
22734,2,5,3,2,2,133,4,61.00
22735,2,1,3,2,1,133,4,72.00
22736,2,2,3,2,1,133,4,67.00
22737,2,3,3,2,1,133,4,71.00
22738,2,4,3,2,1,133,4,68.00
22739,2,5,3,2,1,133,4,66.00
22775,2,1,3,2,1,134,5,1.53
22776,2,1,3,2,2,134,5,1.72
22777,2,1,3,2,3,134,5,1.84
22778,2,1,3,2,4,134,5,1.93
22779,2,1,3,2,5,134,5,2.06